brand;phone;price_norm;price_off;retail
Samsung;galaxy a04;569;549;Ripley
Samsung;galaxy a04e;489;469;Ripley
Samsung;galaxy a13;649;599;Ripley
Samsung;galaxy a23;849;769;Ripley
Samsung;galaxy a33;1199;1099;Ripley
Samsung;galaxy a53;1689;1599;Ripley
Samsung;galaxy s20 fe;1899;1799;Ripley
Samsung;galaxy s21 fe;2899;2499;Ripley
Samsung;galaxy s22;3499;3299;Ripley
Samsung;galaxy s22 ultra;4399;4199;Ripley
Samsung;galaxy s22 plus;4599;4399;Ripley
Samsung;galaxy s23;3999;3799;Ripley
Samsung;galaxy s23 plus;4799;4599;Ripley
Samsung;galaxy s23 ultra;5599;5399;Ripley
Samsung;galaxy z flip4;3699;3599;Ripley
Samsung;galaxy z fold4;6799;6599;Ripley
Honor;honor 50;2999;2799;Ripley
Honor;honor x9 ;1499;1349;Ripley
Apple;iphone 11;2199;2099;Ripley
Apple;iphone 11;2499;2399;Ripley
Apple;iphone 13;4099;3999;Ripley
Apple;iphone 13;4999;4899;Ripley
Apple;iphone 13 pro;4799;4699;Ripley
Apple;iphone 13 pro;5999;5899;Ripley
Apple;iphone 13 pro max;6199;5999;Ripley
Apple;iphone 14;4999;4899;Ripley
Apple;iphone 14;4499;4349;Ripley
Apple;iphone 14 plus;4999;4899;Ripley
Apple;iphone 14 plus;5599;5499;Ripley
Apple;iphone 14 pro;5899;5799;Ripley
Apple;iphone se;2399;2199;Ripley
Apple;iphone se;2699;2499;Ripley
Apple;iphone se;2499;2299;Ripley
Xiaomi;mi 12;3459;3359;Ripley
Motorola;moto e22i;479;449;Ripley
Motorola;moto edge 30 fusion;2499;2399;Ripley
Motorola;moto edge 30;1699;1629;Ripley
Motorola;moto edge 30 pro;2899;2799;Ripley
Motorola;moto g31;699;669;Ripley
Huawei;nova y90;1099;989;Ripley
Xiaomi;poco m5s;1099;949;Ripley
Realme;realme 21y;699;669;Ripley
Realme;realme 9;1299;1169;Ripley
Realme;realme 9i;1159;1043;Ripley
Realme;realme c35;859;809;Ripley
Realme;realme c11;519;499;Ripley
Xiaomi;redmi 10;859;839;Ripley
Xiaomi;redmi 10a;609;599;Ripley
Xiaomi;redmi 10c;729;699;Ripley
Xiaomi;redmi 9a;489;469;Ripley
Xiaomi;redmi 9c;629;599;Ripley
Xiaomi;redmi 9c;639;599;Ripley
Xiaomi;redmi note 11;979;949;Ripley
Samsung;galaxy a13;649;599;Plaza Vea
Alcatel;5033ep;219;199;Plaza Vea
Samsung;galaxy a22;799;749;Plaza Vea
Motorola;moto g31;699;649;Plaza Vea
Xiaomi;redmi 9a;499;;Plaza Vea
Samsung;galaxy a23;899;849;Plaza Vea
Motorola;moto g52;999;939;Plaza Vea
Samsung;galaxy a33;1299;1199;Plaza Vea
Samsung;galaxy a53;1799;1699;Plaza Vea
Motorola;moto g8;499;459;Plaza Vea
Samsung;galaxy a04e;499;;Plaza Vea
Xiaomi;redmi note 11s;1079;;Plaza Vea
Motorola;moto e22i;479;449;Plaza Vea
Tcl;30 se;599;549;Plaza Vea
Xiaomi;redmi note 11;999;;Plaza Vea
Honor;honor x8;1199;;Plaza Vea
Honor;honor x7;999;;Plaza Vea
Huawei;nova 9 se;899;849;Plaza Vea
Xiaomi;poco x4 pro;1499;;Plaza Vea
Xiaomi;poco m4 pro;1099;;Plaza Vea
Realme;9i;1099;999;Plaza Vea
Xiaomi;redmi 9c;799;;Plaza Vea
Vivo;y21s;999;;Plaza Vea
Vivo;v21;2299;;Plaza Vea
Huawei;p50 pro;3699;3399;Plaza Vea
Huawei;nova 8i;999;;Plaza Vea
Motorola;moto e20;579;;Plaza Vea
Motorola;moto g20;899;;Plaza Vea
Realme;c21y;599;559;Plaza Vea
Samsung;galaxy s21 fe;2699;2499;Plaza Vea
Samsung;galaxy a52s;1999;;Plaza Vea
Huawei;y7;699;;Plaza Vea
Huawei;y7;599;;Plaza Vea
Huawei;y8s;899;;Plaza Vea
Samsung;galaxy a23;949;;Plaza Vea
Samsung;galaxy s22 ultra;4559;;Plaza Vea
Apple;iphone 11 pro;2499;;Plaza Vea
Apple;iphone 14 pro max;6999;;Plaza Vea
Apple;iphone 14 pro max;6499;;Plaza Vea
Apple;iphone 13;3729;;Plaza Vea
Apple;iphone 14 pro max;6739;;Plaza Vea
Apple;iphone 14 pro max;7099;;Plaza Vea
Apple;iphone 14;4475;;Plaza Vea
Apple;iphone 13;4219;;Plaza Vea
Apple;iphone xr;1729;;Plaza Vea
Apple;iphone 13;4585;;Plaza Vea
Zte;blade a31 plus;375;;Plaza Vea
Umidigi;a13s;529;;Plaza Vea
Motorola;moto g51;799;699;Plaza Vea
Apple;iphone xr;1629;;Plaza Vea
Samsung;galaxy a53;1549;;Plaza Vea
Samsung;galaxy a53;1988;;Plaza Vea
Xiaomi;redmi note 11;849;749;Plaza Vea
Xiaomi;redmi 9a;409;;Plaza Vea
Cat;s42;1149;;Plaza Vea
Smooth;uno;119.9;;Plaza Vea
Landbyte;landbyte lt1030;92.9;;Plaza Vea
Smooth;snap x;72.9;;Plaza Vea
Samsung;galaxy a04;869;;Plaza Vea
Samsung;galaxy a53;2399;;Plaza Vea
Samsung;galaxy a23;1199;;Plaza Vea
Motorola;moto e20;459;;Plaza Vea
Motorola;moto e30;579;;Plaza Vea
Huawei;honor x9;1530;;Plaza Vea
Motorola;moto e22i;569;;Plaza Vea
Huawei;y7;879;;Plaza Vea
Huawei;y6;699;;Plaza Vea
Huawei;p30 lite;1349;;Plaza Vea
Huawei;y7;749;;Plaza Vea
Apple;iphone 14 pro max;6592;;Plaza Vea
Apple;iphone 14;4559;;Plaza Vea
Apple;iphone 14 pro;6153;;Plaza Vea
Apple;iphone 13 pro;5159;;Plaza Vea
Apple;iphone 13 pro max;5379;;Plaza Vea
Apple;iphone 13 pro max;5079;;Plaza Vea
Apple;iphone 13 pro;4859;;Plaza Vea
Apple;iphone 12 mini;2129;;Plaza Vea
Apple;iphone 12 mini;2309;;Plaza Vea
Apple;iphone se;2089;;Plaza Vea
Apple;iphone se;1159;;Plaza Vea
Apple;iphone se;2459;;Plaza Vea
Apple;iphone se;2279;;Plaza Vea
Apple;iphone se;1289;;Plaza Vea
Apple;iphone 11 pro;2279;;Plaza Vea
Apple;iphone 11;2199;;Plaza Vea
Apple;iphone 14 pro;6499;;Plaza Vea
Apple;iphone 14 pro max;6699;;Plaza Vea
Apple;iphone 14 pro max;7199;;Plaza Vea
Apple;iphone 14;5199;;Plaza Vea
Samsung;galaxy s22 ultra;4998;;Plaza Vea
Xiaomi;redmi 9a;600;;Plaza Vea
Motorola;moto e6s;900;;Plaza Vea
Smooth;snapx;109;;Plaza Vea
Smooth;snapx;69;;Plaza Vea
Smooth;snap mini;69;;Plaza Vea
Xiaomi;mi 12t pro;2799;;Plaza Vea
Xiaomi;mi 12t pro;2899;;Plaza Vea
Xiaomi;redmi a1;399;;Plaza Vea
Xiaomi;redmi a1;459;;Plaza Vea
Xiaomi;poco f4;2700;;Plaza Vea
Verykool;i550;129;;Plaza Vea
Samsung;galaxy a53;1749;;Plaza Vea
Samsung;galaxy a22;839;;Plaza Vea
Apple;iphone 14;4629;;Plaza Vea
Apple;iphone 14 pro;5999;;Plaza Vea
Motorola;moto e22i;570;;Plaza Vea
Samsung;galaxy s20;1625;;Plaza Vea
Samsung;galaxy a33;1309;;Plaza Vea
Apple;iphone 11 pro;2460;;Plaza Vea
Samsung;galaxy s20 plus;1977;;Plaza Vea
Apple;iphone xr;1559;;Plaza Vea
Apple;iphone 14;4680;;Plaza Vea
Samsung;galaxy z flip4;3625;;Plaza Vea
Apple;iphone 12;3059;;Plaza Vea
Apple;iphone 8;1263;;Plaza Vea
Movisun; astro a1;395;;Plaza Vea
Samsung;galaxy a33;1278;;Plaza Vea
Apple;iphone 14 pro max;7399;;Plaza Vea
Apple;iphone 14;4849;;Plaza Vea
Samsung;galaxy s21 ultra;4285;;Plaza Vea
Apple;iphone 13;3909;;Plaza Vea
Motorola;moto g22;859;;Plaza Vea
Apple;iphone 8 plus;1515;;Plaza Vea
Motorola;moto g22;919;;Plaza Vea
Samsung;galaxy s20 fe;2099;1999;Plaza Vea
Apple;iphone 13;4699;;Plaza Vea
Motorola;moto g52;999;;Plaza Vea
Samsung;galaxy z fold4;6999;;Plaza Vea
Samsung;galaxy z flip4;3799;;Plaza Vea
Xiaomi;redmi a1;429;;Plaza Vea
Verykool;i880;129;;Plaza Vea
Lg;stylus 3;959;;Plaza Vea
Xiaomi;mi 12 lite;1998;;Plaza Vea
Samsung;galaxy a04;599;;Plaza Vea
Apple;iphone 14 plus;5599;;Plaza Vea
Oneplus;oneplus 10 pro;3515;;Plaza Vea
Xiaomi;redmi 12 lite;1999;;Plaza Vea
Xiaomi;mi 12t;2029;;Plaza Vea
Xiaomi;mi 12 lite;1799;;Plaza Vea
Umidigi;a9 pro;799;;Plaza Vea
Apple;iphone 14;4799;;Plaza Vea
Apple;iphone 14;4599;;Plaza Vea
Xiaomi;poco m5s;979;;Plaza Vea
Samsung;galaxy a03;419;;Plaza Vea
Zte;nubia red magic 6r;2329;;Plaza Vea
Xiaomi;redmi note 11;819;;Plaza Vea
Samsung;galaxy a53;1579;;Plaza Vea
Samsung;galaxy z flip4;3867;;Plaza Vea
Lg;g8x thinq;1384;;Plaza Vea
Vivo;y20;999;;Plaza Vea
Tecno;pova neo;859;;Plaza Vea
Samsung;galaxy a33;1699;;Plaza Vea
Samsung;galaxy m21s;1089;;Plaza Vea
Xiaomi;redmi 9c;779;;Plaza Vea
Samsung;galaxy a53;1599;;Plaza Vea
Xiaomi;mi 11t pro;2099;;Plaza Vea
Apple;iphone 11;2699;;Plaza Vea
Samsung;galaxy a33;1299;;Plaza Vea
Apple;iphone 11;2899;;Plaza Vea
Apple;iphone 11;3199;;Plaza Vea
Samsung;galaxy a53;1799;;Plaza Vea
Motorola;moto e6s;1119;;Plaza Vea
Apple;iphone 14 pro max;7129;;Plaza Vea
Apple;iphone 13;3899;;Plaza Vea
Apple;iphone 14 pro;6799;;Plaza Vea
Xiaomi;redmi note 10 pro;1499;1499;Plaza Vea
Realme;c3 rmx2020;769;769;Plaza Vea
Xiaomi;redmi k50 ge;2819;;Plaza Vea
Lg;v50s thinq;1515;;Plaza Vea
Xiaomi;redmi k50 ge;2515;;Plaza Vea
Apple;iphone 11 pro;2438;;Plaza Vea
Apple;iphone se;1263;;Plaza Vea
Xiaomi;redmi note 11 pro;1299;;Plaza Vea
Xiaomi;redmi note 10 pro;1159;;Plaza Vea
Samsung;galaxy a13;699;;Plaza Vea
Xiaomi;redmi note 11 pro plus;1899;;Plaza Vea
Samsung;galaxy a53;1899;;Plaza Vea
Huawei;nova y90;1049;;Plaza Vea
Apple;iphone 14 plus;5899;;Plaza Vea
Apple;iphone 14;5399;;Plaza Vea
Apple;iphone 8;1076;;Plaza Vea
Apple;iphone 11;1999;;Plaza Vea
Apple;iphone x;1526;;Plaza Vea
Wiko;t50;869;;Plaza Vea
Samsung;galaxy a73;2699;;Plaza Vea
Motorola;moto e6i;589;;Plaza Vea
Xiaomi;redmi note 11;989;;Plaza Vea
Huawei;y7a;939;;Plaza Vea
Hyundai;e603;399;;Plaza Vea
Apple;iphone xr;1460;;Plaza Vea
Samsung;galaxy z flip4;3799;;Plaza Vea
Samsung;galaxy z flip4;3599;3499;Plaza Vea
Xiaomi;poco f4 gt;2699;;Plaza Vea
Samsung;galaxy a33;1263;;Plaza Vea
Zte;blade a5;479;;Plaza Vea
Samsung;galaxy a03;479;;Plaza Vea
Oneplus;oneplus nord 2;1889;;Plaza Vea
Apple;iphone se;2384;;Plaza Vea
Apple;iphone se;2636;;Plaza Vea
Samsung;galaxy a12;879;;Plaza Vea
Samsung;galaxy a10s;759;;Plaza Vea
Sony;xperia 1 iii;6809;6809;Plaza Vea
Motorola;moto edge 30 pro;3769;3769;Plaza Vea
Tecno mobile;spark 8 pro;899;;Plaza Vea
Xiaomi;redmi 10;899;;Plaza Vea
Xiaomi;redmi note 10s;1399;;Plaza Vea
Apple;iphone 13;3999;;Plaza Vea
Umidigi;a9 pro;1699;;Plaza Vea
Samsung;galaxy a53;1699;;Plaza Vea
Samsung;galaxy a53;2100;;Plaza Vea
Apple;iphone 11;1919;;Plaza Vea
Umidigi;a13 pro;799;;Plaza Vea
Samsung;galaxy a22;1099;;Plaza Vea
Samsung;galaxy a32;1399;;Plaza Vea
Samsung;galaxy a03;599;;Plaza Vea
Xiaomi;redmi 10a;599;;Plaza Vea
Samsung;galaxy a03;449;;Plaza Vea
Xiaomi;redmi note 10s;999;;Plaza Vea
Xiaomi;redmi 9c;749;;Plaza Vea
Xiaomi;redmi 10;999;;Plaza Vea
Xiaomi;redmi note 11;949;;Plaza Vea
Movisun;aplo k32;165;;Plaza Vea
Xiaomi;mi 12 pro;4599;;Plaza Vea
Xiaomi;mi 12;3199;;Plaza Vea
Xiaomi;mi 11t;1799;;Plaza Vea
Samsung;galaxy a23;911;;Plaza Vea
Xiaomi;redmi note 11s;1199;;Plaza Vea
Generico;lamate s120;480;;Plaza Vea
Generico;lamate p100;599;;Plaza Vea
Motorola;moto edge 30 pro;2899;;Plaza Vea
Xiaomi;redmi 10c;735;;Plaza Vea
Realme;9i;1149;;Plaza Vea
Motorola;moto g60;1098;;Plaza Vea
Xiaomi;redmi 10a;499;;Plaza Vea
Zte;blade a5;489;;Plaza Vea
Lg;g360;193;;Plaza Vea
Xiaomi;redmi note 11s;1230;;Plaza Vea
Xiaomi;redmi note 11;845;;Plaza Vea
Lg;g360;188;;Plaza Vea
Xiaomi;mi 11t pro;2175;;Plaza Vea
Xiaomi;redmi note 10s;933;;Plaza Vea
Xiaomi;mi 11t;1867;;Plaza Vea
Apple;iphone xr;1319;;Plaza Vea
Xiaomi;redmi note 11 pro;1349;;Plaza Vea
Xiaomi;mi 11t pro;1998;;Plaza Vea
Xiaomi;mi 11t pro;2054;;Plaza Vea
Samsung;galaxy s22 ultra;4867;;Plaza Vea
Samsung;galaxy s22;3131;;Plaza Vea
Apple;iphone 13;4589;;Plaza Vea
Apple;iphone 13;4199;;Plaza Vea
Apple;iphone 12;4099;;Plaza Vea
Xiaomi;mi 12;3399;;Plaza Vea
Apple;iphone 13 pro max;8890;;Plaza Vea
Apple;iphone 13 pro max;9980;;Plaza Vea
Xiaomi;redmi note 11s;999;;Plaza Vea
Samsung;galaxy a22;1169;;Plaza Vea
Samsung;galaxy a23;1049;;Plaza Vea
Xiaomi;redmi 10c;724;;Plaza Vea
Xiaomi;mi 12;3890;;Plaza Vea
Samsung;galaxy a53;1779;;Plaza Vea
Xiaomi;redmi note 11 pro;1229;;Plaza Vea
Samsung;galaxy note 8;1427;;Plaza Vea
Huawei;p30 lite;977;;Plaza Vea
Xiaomi;mi 11i;2384;;Plaza Vea
Samsung;galaxy a22;879;;Plaza Vea
Alcatel;1se;599;;Plaza Vea
Umidigi;a9;549;;Plaza Vea
Xiaomi;redmi note 10 pro;1069;;Plaza Vea
Apple;iphone 11;2526;;Plaza Vea
Apple;iphone 11;4899;;Plaza Vea
Samsung;galaxy s8 plus;1296;;Plaza Vea
Zte;blade a5;445;;Plaza Vea
Apple;iphone 12 mini;3979;;Plaza Vea
Sky;elite c5;299;;Plaza Vea
Zte;blade l8;299;;Plaza Vea
Xiaomi;mi 10t pro;2999;;Plaza Vea
Samsung;galaxy a12;746;;Plaza Vea
Xiaomi;redmi a1;699;699;Saga Falabella
Samsung;galaxy a33;1199;;Saga Falabella
Samsung;galaxy s23;3999;3999;Saga Falabella
Apple;iphone 14 pro;5899;;Saga Falabella
Honor;honor 50 lite;999;;Saga Falabella
Samsung;galaxy s21 fe;2799;;Saga Falabella
Samsung;galaxy s23 ultra;5599;5599;Saga Falabella
Samsung;galaxy a04e;499;489;Saga Falabella
Motorola;moto g20;764;764;Saga Falabella
Apple;iphone 12;3499;;Saga Falabella
Apple;iphone 14 pro max;6499;6299;Saga Falabella
Samsung;galaxy s20 fe;1899;;Saga Falabella
Samsung;galaxy a53;1629;1629;Saga Falabella
Apple;iphone 11;2499;;Saga Falabella
Samsung;galaxy a23;849;;Saga Falabella
Apple;iphone 13;4699;;Saga Falabella
Apple;iphone 14 plus;4999;;Saga Falabella
Samsung;galaxy a04e;429;419;Saga Falabella
Samsung;galaxy s20 fe;1999;;Saga Falabella
Samsung;galaxy a04;549;;Saga Falabella
Samsung;galaxy a22;749;;Saga Falabella
Samsung;galaxy a13;649;;Saga Falabella
Samsung;galaxy a04;529;;Saga Falabella
Samsung;galaxy a53;1599;;Saga Falabella
Apple;iphone 12 mini;2799;;Saga Falabella
Motorola;moto e20;799;;Saga Falabella
Apple;iphone 11;2299;;Saga Falabella
Apple;iphone 14 plus;5599;;Saga Falabella
Samsung;galaxy a53;1699;;Saga Falabella
Samsung;galaxy s22;3299;;Saga Falabella
Xiaomi;poco f3;2799;;Saga Falabella
Apple;iphone 14;4499;;Saga Falabella
Samsung;galaxy z flip4;3699;;Saga Falabella
Huawei;nova 8i;899;869;Saga Falabella
Samsung;galaxy a53;1779;1619;Saga Falabella
Motorola;moto e22i;479;;Saga Falabella
Apple;iphone 11 pro;2416;2416;Saga Falabella
Apple;iphone 13 mini;4699;;Saga Falabella
Xiaomi;mi 11 lite;2099;;Saga Falabella
Motorola;moto e30;689;;Saga Falabella
Samsung;galaxy a03;509;;Saga Falabella
Apple;iphone xr;1559;1559;Saga Falabella
Samsung;galaxy a04;699;;Saga Falabella
Apple;iphone 13 pro max;7999;7999;Saga Falabella
Huawei;nova y70;779;769;Saga Falabella
Motorola;moto e30;570;570;Saga Falabella
Xiaomi;mi 11t pro;3399;;Saga Falabella
Samsung;galaxy a53;1799;;Saga Falabella
Apple;iphone x;1647;1647;Saga Falabella
Xiaomi;mi 11t pro;2999;;Saga Falabella
Samsung;galaxy a04;549;499;Saga Falabella
Xiaomi;mi 12 lite;2499;;Saga Falabella
Xiaomi;mi 12 pro;4999;4999;Saga Falabella
Apple;iphone 6s;1200;;Saga Falabella
Apple;iphone 8;1349;1349;Saga Falabella
Apple;iphone 13;4999;;Saga Falabella
Apple;iphone 14 pro max;7799;;Saga Falabella
Huawei;y6;899;;Saga Falabella
Xiaomi;mi 12t;3299;;Saga Falabella
Samsung;galaxy a13;699;699;Saga Falabella
Huawei;y7;899;;Saga Falabella
Xiaomi;mi 12t pro;4199;;Saga Falabella
Apple;iphone x;1526;1526;Saga Falabella
Huawei;nova y90;1099;1099;Saga Falabella
Samsung;galaxy z flip4;3899;;Saga Falabella
Huawei;nova y90;1099;1049;Saga Falabella
Apple;iphone xr;1427;1427;Saga Falabella
Apple;iphone 11 pro max;2927;2680;Saga Falabella
Samsung;galaxy a13;849;;Saga Falabella
Zte;blade a51;999;;Saga Falabella
Motorola;moto e20;399;;Saga Falabella
Xiaomi;mi 11 lite;1899;;Saga Falabella
Samsung;galaxy a03;799;;Saga Falabella
Apple;iphone 12;3999;;Saga Falabella
Xiaomi;mi 10t;2499;;Saga Falabella
Xiaomi;mi 11 lite;1799;1799;Saga Falabella
Xiaomi;mi 11 lite;1999;;Saga Falabella
Samsung;galaxy a03;549;549;Saga Falabella
Xiaomi;mi  11t;1899;1799;Saga Falabella
Motorola;moto e20;589;549;Saga Falabella
Apple;iphone xs;3199;;Saga Falabella
Motorola;moto e20;579;529;Saga Falabella
Apple;iphone 14 pro max;7099;;Saga Falabella
Xiaomi;mi 11t pro;3399;3399;Saga Falabella
Xiaomi;mi 12;3599;3599;Saga Falabella
Xiaomi;poco f4;2799;;Saga Falabella
Samsung;galaxy a03;899;;Saga Falabella
Samsung;galaxy a03;499;;Saga Falabella
Xiaomi;redmi 10;1299;;Saga Falabella
Samsung;galaxy a03;599;;Saga Falabella
Apple;iphone 13;4599;;Saga Falabella
Xiaomi;redmi 10;1319;1299;Saga Falabella
Xiaomi;redmi 10a;999;;Saga Falabella
Samsung;galaxy a03;649;649;Saga Falabella
Apple;iphone 13 pro max;6499;6499;Saga Falabella
Motorola;moto e22i;699;;Saga Falabella
Zte;blade l210;349;349;Saga Falabella
Huawei;p30 lite;977;;Saga Falabella
Apple;iphone 11;1699;1699;Saga Falabella
Motorola;moto e30;999;;Saga Falabella
Apple;iphone 8 plus;1515;1515;Saga Falabella
Samsung;galaxy a03;999;;Saga Falabella
Zte;blade a5 2020;549;;Saga Falabella
Motorola;e30;699;;Saga Falabella
Xiaomi;redmi 10a;499;499;Saga Falabella
Apple;iphone 8 plus;1599;1599;Saga Falabella
Xiaomi;mi 12 lite;2999;;Saga Falabella
Apple;iphone 8;1399;1399;Saga Falabella
Xiaomi;redmi 10a;576;576;Saga Falabella
Samsung;galaxy a12;1299;;Saga Falabella
Apple;iphone 14 pro max;8999;;Saga Falabella
Samsung;galaxy a12;899;899;Saga Falabella
Apple;iphone se;2299;;Saga Falabella
Apple;iphone 13;4099;4099;Saga Falabella
Samsung;galaxy a13;899;;Saga Falabella
Samsung;galaxy a13;1299;;Saga Falabella
Zte;blade a31 plus;339;339;Saga Falabella
Xiaomi;redmi 10a;599;599;Saga Falabella
Xiaomi;redmi 10c;699;699;Saga Falabella
Motorola;moto e32;549;;Saga Falabella
Samsung;galaxy a13;999;;Saga Falabella
Xiaomi;redmi 9a;499;;Saga Falabella
Zte;blade a5 2020;550;550;Saga Falabella
Apple;iphone 8 plus;1199;1199;Saga Falabella
Samsung;galaxy s10 plus;2398;;Saga Falabella
Realme;realme 8;1099;1099;Saga Falabella
Apple;iphone xr;1526;1395;Saga Falabella
Verykool;i880;109;109;Saga Falabella
Xiaomi;redmi 9c;1230;;Saga Falabella
Lg;g360;180;180;Saga Falabella
Apple;iphone se;1208;1208;Saga Falabella
Xiaomi;redmi 9c;899;899;Saga Falabella
Samsung;galaxy a22;920;920;Saga Falabella
Motorola;moto e7;899;;Saga Falabella
Xiaomi;redmi a1;399;399;Saga Falabella
Motorola;edge 30 neo;2499;;Saga Falabella
Xiaomi;redmi note 10 pro;1499;;Saga Falabella
Motorola;edge 30 neo;1699;;Saga Falabella
Xiaomi;redmi note 10 pro;1700;;Saga Falabella
Xiaomi;redmi note 10 pro;1699;;Saga Falabella
Xiaomi;redmi note 10 pro;1599;;Saga Falabella
Xiaomi;poco f4;2699;;Saga Falabella
Apple;iphone 11 pro;2580;2362;Saga Falabella
Motorola;moto g9 power;1599;;Saga Falabella
Apple;iphone 8;1251;1142;Saga Falabella
Huawei;p50 pro;4499;4499;Saga Falabella
Apple;iphone 12;2699;2699;Saga Falabella
Lh electronic;f2g;59;59;Saga Falabella
Nokia;nokia 106;150;;Saga Falabella
Apple;iphone 12;4299;3899;Saga Falabella
Samsung;galaxy s8;1241;1241;Saga Falabella
Vivo;v21;1799;;Saga Falabella
Samsung;galaxy a13;799;799;Saga Falabella
Samsung;galaxy a13;799;;Saga Falabella
Bmobile;k386;99;;Saga Falabella
Apple;iphone 8 plus;2214;;Saga Falabella
Samsung;galaxy a01;409;409;Saga Falabella
Xiaomi;redmi note 11;897;897;Saga Falabella
Xiaomi;redmi note 11;1099;;Saga Falabella
Xiaomi;redmi note 11;999;;Saga Falabella
Motorola;edge 30 neo;3199;;Saga Falabella
Samsung;galaxy a22;1849;;Saga Falabella
Lg;k51s;520;471;Saga Falabella
Huawei;y7a;847;847;Saga Falabella
Apple;iphone 11 pro max;3227;2955;Saga Falabella
Universal;gol z1  jr;129;129;Saga Falabella
Nokia;nokia 106;115;106;Saga Falabella
Motorola;moto g31;949;;Saga Falabella
Vivo;y11s;669;;Saga Falabella
Nokia;nokia 110;109;109;Saga Falabella
Apple;iphone 14 pro max;9699;;Saga Falabella
Samsung;galaxy a22;1499;;Saga Falabella
Huawei;p30 lite;1322;1208;Saga Falabella
Nokia;nokia 110;169;;Saga Falabella
Apple;iphone 11;1999;1999;Saga Falabella
Generico;gol g1 porto;109;109;Saga Falabella
Zte;blade a5 2020;478;439;Saga Falabella
Samsung;galaxy a22;1599;;Saga Falabella
Zte;blade a51 lite;569;;Saga Falabella
Motorola;moto e20;999;;Saga Falabella
Verykool;robusto;180;180;Saga Falabella
Samsung;galaxy a04;599;599;Saga Falabella
Samsung;galaxy a22;2199;;Saga Falabella
Apple;iphone 13 mini;4685;4685;Saga Falabella
Xiaomi;mi 10t;1999;1999;Saga Falabella
Samsung;galaxy z fold4;6199;;Saga Falabella
Motorola;moto e30;799;;Saga Falabella
Apple;iphone 14 pro max;7500;;Saga Falabella
Honor;honor 70;2999;;Saga Falabella
Xiaomi;mi 11 lite;1670;1670;Saga Falabella
Samsung;galaxy a22;869;;Saga Falabella
Samsung;galaxy s21 fe;3599;3599;Saga Falabella
Apple;iphone 8;1076;1076;Saga Falabella
Samsung;galaxy a23;1599;;Saga Falabella
Apple;iphone 14 pro;6999;6799;Saga Falabella
Xiaomi;mi 11 lite;1699;1699;Saga Falabella
Samsung;galaxy a23;1099;1099;Saga Falabella
Landbyte;lt1035;77.9;77.9;Saga Falabella
Nokia;nokia 110;113;104;Saga Falabella
Xiaomi;mi 11 lite;1309;;Saga Falabella
Huawei;y5;799;799;Saga Falabella
Nokia;nokia 6300;149;149;Saga Falabella
Huawei;nova 9 se;1143;1043;Saga Falabella
Samsung;galaxy s20 fe;1899;1899;Saga Falabella
Xiaomi;mi 11 ultra;3946;3614;Saga Falabella
Apple;iphone 14 pro max;6499;6499;Saga Falabella
Samsung;galaxy a32;1699;;Saga Falabella
Xiaomi;mi 11 ultra;3614;3614;Saga Falabella
Huawei;nova 9 se;1399;;Saga Falabella
Apple;iphone 8;1119;1021;Saga Falabella
Samsung;galaxy a53;1999;;Saga Falabella
Xiaomi;mi 11 ultra;4299;;Saga Falabella
Xiaomi;mi 11 ultra;5499;;Saga Falabella
Generico;gol s1 plus;390;;Saga Falabella
Xiaomi;mi 11i;2484;2274;Saga Falabella
Samsung;galaxy a33;1999;;Saga Falabella
Xiaomi;mi 11t pro;2499;;Saga Falabella
Motorola;moto g22;1199;;Saga Falabella
Xiaomi;mi 11t pro;2245;2054;Saga Falabella
Xiaomi;mi 11t pro;1978;1978;Saga Falabella
Samsung;galaxy a33;1549;;Saga Falabella
Vivo;y51;1159;1159;Saga Falabella
Samsung;galaxy a33;1499;;Saga Falabella
Xiaomi;mi 11t pro;3499;;Saga Falabella
Apple;iphone 14 pro;6799;;Saga Falabella
Xiaomi;mi 11t pro;2399;;Saga Falabella
Samsung;galaxy a33;1849;;Saga Falabella
Samsung;galaxy a52s;1699;1699;Saga Falabella
Samsung;galaxy a53;2599;;Saga Falabella
Xiaomi;mi 11t pro;2900;2900;Saga Falabella
Apple;iphone 14 pro;6533;5988;Saga Falabella
Oppo;oppo reno 7;2699;2449;Saga Falabella
Xiaomi;mi 11t pro;3100;3100;Saga Falabella
Realme;realme 9;1899;;Saga Falabella
Apple;iphone 8;1370;1252;Saga Falabella
Honor;honor x7;999;999;Saga Falabella
Apple;iphone xs max;2399;2399;Saga Falabella
Samsung;galaxy s20 fe;1778;1778;Saga Falabella
Realme;c21y;489;489;Saga Falabella
Samsung;galaxy a53;1999;1999;Saga Falabella
Xiaomi;mi 11t pro;3049;;Saga Falabella
Samsung;galaxy m21s;1560;;Saga Falabella
Apple;iphone 12 pro;5699;5699;Saga Falabella
Xiaomi;mi 11 lite;2199;2099;Saga Falabella
Apple;iphone 12 pro max;3993;3658;Saga Falabella
Motorola;moto g22;1499;;Saga Falabella
Apple;iphone x;1450;1450;Saga Falabella
Samsung;galaxy s21 fe;3500;;Saga Falabella
Apple;iphone 12 pro;3407;3120;Saga Falabella
Apple;iphone xr;2499;;Saga Falabella
Huawei;p30 lite;1059;966;Saga Falabella
Realme;realme 9i;1589;;Saga Falabella
Realme;realme c11;799;;Saga Falabella
Apple;iphone 12 pro max;8500;;Saga Falabella
Samsung;galaxy s22;3999;3999;Saga Falabella
Samsung;galaxy a03;489;489;Saga Falabella
Samsung;galaxy a22;999;;Saga Falabella
Xiaomi;mi 11t pro;2099;1939;Saga Falabella
Apple;iphone 14;4449;4449;Saga Falabella
Xiaomi;mi 11 lite;1859;1799;Saga Falabella
Samsung;galaxy a03;544;493;Saga Falabella
Samsung;galaxy a13;795;724;Saga Falabella
Samsung;galaxy a13;949;;Saga Falabella
Honor;honor x6;899;;Saga Falabella
Xiaomi;mi 12;3899;;Saga Falabella
Apple;iphone 12;2560;2560;Saga Falabella
Motorola;moto g22;699;699;Saga Falabella
Samsung;galaxy a13;759;691;Saga Falabella
Samsung;galaxy a22;903;823;Saga Falabella
Samsung;galaxy a33;1263;1263;Saga Falabella
Apple;iphone se;1310;1197;Saga Falabella
Xiaomi;mi 12;3950;;Saga Falabella
Google;google pixel 6a;2699;;Saga Falabella
Xiaomi;mi 12;3199;;Saga Falabella
Realme;realme c11;519;519;Saga Falabella
Xiaomi;mi 12;4299;;Saga Falabella
Samsung;galaxy s21;3299;;Saga Falabella
Lg;v50s;1460;1460;Saga Falabella
Realme;realme c11;479;479;Saga Falabella
Lg;g8x;1186;1186;Saga Falabella
Realme;realme c21y;999;;Saga Falabella
Apple;iphone 11;3119;2856;Saga Falabella
Sony;sony xperia xz3;1454;1329;Saga Falabella
Apple;iphone 11;2760;2526;Saga Falabella
Huawei;p30 lite;928;928;Saga Falabella
Realme;realme c21y;699;699;Saga Falabella
Lg;g360;179;179;Saga Falabella
Xiaomi;mi 12 lite;2799;;Saga Falabella
Samsung;galaxy a33;1499;1499;Saga Falabella
Xiaomi;mi 12 lite;2599;;Saga Falabella
Zte;blade l130;225;225;Saga Falabella
Xiaomi;mi 12 pro;4799;4799;Saga Falabella
Samsung;galaxy s20 fe;2499;;Saga Falabella
Xiaomi;mi 12 pro;5599;;Saga Falabella
Samsung;galaxy a51;1351;1351;Saga Falabella
Xiaomi;poco m5s;1499;;Saga Falabella
Samsung;galaxy a53;1592;1529;Saga Falabella
Lg;k42;900;900;Saga Falabella
Apple;iphone 13;6999;;Saga Falabella
Samsung;galaxy a54;1592;1569;Saga Falabella
Samsung;galaxy a55;1945;1779;Saga Falabella
Motorola;moto g30;1299;;Saga Falabella
Motorola;moto g30;1499;;Saga Falabella
Sony;sony xperia xz3;1329;1329;Saga Falabella
Motorola;moto g31;1299;;Saga Falabella
Samsung;galaxy a56;1700;1579;Saga Falabella
Samsung;galaxy a57;1779;1779;Saga Falabella
Honor;honor 70;2299;;Saga Falabella
Xiaomi;mi 12 pro;4599;;Saga Falabella
Samsung;galaxy a58;1742;1592;Saga Falabella
Samsung;galaxy a59;1742;1592;Saga Falabella
Apple;iphone 11;2185;1999;Saga Falabella
Xiaomi;mi 12 pro;4379;4379;Saga Falabella
Xiaomi;mi 12 pro;4199;;Saga Falabella
Motorola;moto g60;1499;;Saga Falabella
Movisun;aplo k31;189;189;Saga Falabella
Samsung;galaxy s20 ultra;3175;3175;Saga Falabella
Motorola;moto g60s;1299;;Saga Falabella
Samsung;galaxy a60;1742;1592;Saga Falabella
Samsung;galaxy a61;1592;1592;Saga Falabella
Samsung;galaxy a62;1779;1779;Saga Falabella
Oneplus;oneplus 10 pro;3718;3405;Saga Falabella
Xiaomi;poco x4 pro;2499;;Saga Falabella
Xiaomi;mi 12s ultra;5950;;Saga Falabella
Samsung;galaxy a63;1945;1779;Saga Falabella
Apple;iphone 12;2400;2197;Saga Falabella
Samsung;galaxy z flip 3;4499;;Saga Falabella
Apple;iphone 12 pro;5999;;Saga Falabella
Samsung;galaxy a64;1779;1779;Saga Falabella
Hyundai;e603;349;349;Saga Falabella
Apple;iphone se;2636;;Saga Falabella
Xiaomi;mi 12t;2999;;Saga Falabella
Realme;realme c31;1099;;Saga Falabella
Xiaomi;mi 12t;2599;;Saga Falabella
Vivo;vivo y20;929;;Saga Falabella
Samsung;galaxy a03;499;499;Saga Falabella
Xiaomi;mi 12t;2499;2299;Saga Falabella
Samsung;galaxy a65;1945;1779;Saga Falabella
Samsung;galaxy a66;1799;;Saga Falabella
Motorola;moto g60s;1399;;Saga Falabella
Apple;iphone 13 pro;5838;5351;Saga Falabella
Samsung;galaxy a67;1799;;Saga Falabella
Samsung;galaxy a73;2299;;Saga Falabella
Vivo;vivo y21s;999;999;Saga Falabella
Samsung;galaxy a73;2499;;Saga Falabella
Apple;iphone 13;4497;4120;Saga Falabella
Samsung;galaxy a53;1578;1578;Saga Falabella
Xiaomi;poco f3;1599;1549;Saga Falabella
Xiaomi;mi  11 lite;1499;;Saga Falabella
Samsung;galaxy a74;2299;;Saga Falabella
Samsung;galaxy z fold 3;7499;;Saga Falabella
Oneplus;oneplus 10 pro;4900;;Saga Falabella
Xiaomi;mi 12t;2799;;Saga Falabella
Honor;honor x6;1299;;Saga Falabella
Huawei;y6p;707;643;Saga Falabella
Xiaomi;mi 12t;2499;;Saga Falabella
Sky devices;rock;79;;Saga Falabella
Apple;iphone 8;1252;1252;Saga Falabella
Xiaomi;mi 12t pro;3999;;Saga Falabella
Xiaomi;mi 12t pro;2999;;Saga Falabella
Samsung;galaxy s20 fe;2199;;Saga Falabella
Honor;honor x9;1599;;Saga Falabella
Samsung;galaxy a73;3499;3499;Saga Falabella
Smooth;snap x;57.9;57.9;Saga Falabella
Samsung;galaxy s22;5599;;Saga Falabella
Realme;realme c35;1399;;Saga Falabella
Apple;iphone 13 pro;5351;5351;Saga Falabella
Samsung;galaxy z fold 3;7499;;Saga Falabella
Xiaomi;mi 12t pro;3500;;Saga Falabella
Samsung;galaxy a03;689;;Saga Falabella
Samsung;galaxy a03;699;;Saga Falabella
Motorola;moto e20;550;550;Saga Falabella
Samsung;galaxy a03;399;399;Saga Falabella
Xiaomi;mi 12t pro;3799;;Saga Falabella
Zte;blade l210;529;529;Saga Falabella
Xiaomi;mi 12t pro;3599;;Saga Falabella
Huawei;y7;652;592;Saga Falabella
Samsung;galaxy a03;598;;Saga Falabella
Motorola;moto e20;519;;Saga Falabella
Apple;iphone 14;5999;;Saga Falabella
Xiaomi;mi 12t pro;3599;3599;Saga Falabella
Samsung;galaxy a10s;679;679;Saga Falabella
Samsung;galaxy a04s;699;679;Saga Falabella
Xiaomi;mi 12t pro;3299;;Saga Falabella
Samsung;galaxy a03s;699;;Saga Falabella
Xiaomi;mi 12t pro;3399;;Saga Falabella
Samsung;galaxy a13;749;749;Saga Falabella
Oneplus;oneplus nord 2;2065;1889;Saga Falabella
Realme;realme c35;799;799;Saga Falabella
Xiaomi;poco f4 gt;2999;2999;Saga Falabella
Motorola;e6i;519;519;Saga Falabella
Xiaomi;mi 12t pro;3129;;Saga Falabella
Vivo;vivo y53s;1099;1099;Saga Falabella
Samsung;galaxy s22;3131;3109;Saga Falabella
Samsung;galaxy a03s;890;;Saga Falabella
Samsung;galaxy a04;899;;Saga Falabella
Apple;iphone 14 pro max;8500;;Saga Falabella
Samsung;galaxy a04;649;;Saga Falabella
Realme;realme 7;1149;1149;Saga Falabella
Zte;redmagic 7 pro;5995;;Saga Falabella
Samsung;galaxy a12;779;779;Saga Falabella
Xiaomi;mi 11t pro;2500;;Saga Falabella
Xiaomi;mi 11t pro;2199;;Saga Falabella
Nokia;nokia 110;139;;Saga Falabella
Lh electronic;mobulaa m1704;136;136;Saga Falabella
Samsung;galaxy a12;799;799;Saga Falabella
Zte;blade a5;405;405;Saga Falabella
Motorola;moto e20;669;;Saga Falabella
Samsung;galaxy a12;999;;Saga Falabella
Xiaomi;redmi note 10 pro;1500;;Saga Falabella
Samsung;galaxy a12;829;779;Saga Falabella
Xiaomi;redmi note 10 pro;1899;;Saga Falabella
Xiaomi;redmi note 10 pro;1199;;Saga Falabella
Motorola;moto e22i;599;;Saga Falabella
Motorola;moto g9 power;1400;1400;Saga Falabella
Apple;iphone 14 pro;6499;6399;Saga Falabella
Apple;iphone 13;4299;;Saga Falabella
Apple;iphone 13 pro max;5899;;Saga Falabella
Apple;iphone 11 pro;2599;2599;Saga Falabella
Apple;iphone 14 pro max;7199;6999;Saga Falabella
Honor;honor 50;2326;;Saga Falabella
Samsung;galaxy s23 ultra;6399;;Saga Falabella
Apple;iphone 14;4999;;Saga Falabella
Apple;iphone 13 pro max;7599;;Saga Falabella
Cat;cat b26;349;349;Saga Falabella
Apple;iphone 13 pro;5899;;Saga Falabella
Samsung;galaxy z fold4;6599;;Saga Falabella
Samsung;galaxy s22 ultra;5599;;Saga Falabella
Apple;iphone xs;2499;;Saga Falabella
Samsung;galaxy a13;999;949;Saga Falabella
Apple;iphone 13 pro;6999;;Saga Falabella
Apple;iphone 12;2450;2450;Saga Falabella
Xiaomi;redmi note 11 pro;1599;;Saga Falabella
Samsung;galaxy a13;1200;1200;Saga Falabella
Apple;iphone 13;5899;;Saga Falabella
Hyundai;e475;259;;Saga Falabella
Xiaomi;poco m4 pro;1999;1999;Saga Falabella
Apple;iphone xs;3000;;Saga Falabella
Samsung;galaxy s22;3999;;Saga Falabella
Xiaomi;poco m4 pro;1059;1039;Saga Falabella
Xiaomi;redmi 10;1022;1022;Saga Falabella
Apple;iphone 11;2142;2142;Saga Falabella
Realme;realme 9;1299;;Saga Falabella
Apple;iphone 12 pro max;4137;3790;Saga Falabella
Xiaomi;redmi 10;869;799;Saga Falabella
Samsung;galaxy note 9;1658;1658;Saga Falabella
Samsung;galaxy z fold4;7999;;Saga Falabella
Apple;iphone 11;2221;2032;Saga Falabella
Samsung;galaxy z fold4;7099;;Saga Falabella
Lg;v50s;1598;1460;Saga Falabella
Xiaomi;redmi 10;869;859;Saga Falabella
Xiaomi;mi 11t pro;2054;1899;Saga Falabella
Apple;iphone 12;6000;;Saga Falabella
Apple;iphone 14 pro max;8299;8299;Saga Falabella
Xiaomi;poco f4;2499;;Saga Falabella
Xiaomi;redmi 10;979;979;Saga Falabella
Apple;iphone x;1670;1526;Saga Falabella
Smooth;snapx;59;59;Saga Falabella
Xiaomi;redmi 10;729;729;Saga Falabella
Xiaomi;redmi 10a;459;439;Saga Falabella
Samsung;galaxy a22;1099;;Saga Falabella
Xiaomi;redmi 10a;1059;;Saga Falabella
Xiaomi;poco f4;1799;;Saga Falabella
Xiaomi;poco f4;2500;2500;Saga Falabella
Xiaomi;redmi 10a;499;459;Saga Falabella
Honor;honor x7;1199;;Saga Falabella
Realme;realme 9i;915;834;Saga Falabella
Honor;honor 50;2999;;Saga Falabella
Samsung;galaxy a22;1600;;Saga Falabella
Xiaomi;redmi 10a;550;499;Saga Falabella
Realme;realme 9i;1299;;Saga Falabella
Xiaomi;redmi 10c;589;;Saga Falabella
Xiaomi;redmi 10c;999;;Saga Falabella
Samsung;galaxy s20 fe;2398;;Saga Falabella
Samsung;galaxy a22;1049;1049;Saga Falabella
Motorola;moto e6s;1000;1000;Saga Falabella
Motorola;moto e7i power;540;540;Saga Falabella
Motorola;moto egde;1399;1399;Saga Falabella
Samsung;galaxy a22;929;;Saga Falabella
Xiaomi;redmi 10c;619;589;Saga Falabella
Xiaomi;redmi 10c;1199;;Saga Falabella
Motorola;moto g31;999;;Saga Falabella
Xiaomi;redmi 10c;799;;Saga Falabella
Motorola;moto g31;699;;Saga Falabella
Samsung;galaxy a23;1199;1099;Saga Falabella
Xiaomi;redmi 10c;900;900;Saga Falabella
Samsung;galaxy a23;1499.99;;Saga Falabella
Motorola;moto g31;980;;Saga Falabella
Xiaomi;redmi 10c;724;724;Saga Falabella
Xiaomi;redmi 10c;795;724;Saga Falabella
Samsung;galaxy a32;1059;1059;Saga Falabella
Samsung;galaxy a03s;769;769;Saga Falabella
Samsung;galaxy a33;1599;;Saga Falabella
Samsung;galaxy a33;1599;1499;Saga Falabella
Apple;iphone 14 pro;6999;;Saga Falabella
Xiaomi;redmi 9a;419;389;Saga Falabella
Zte;blade l8;349;;Saga Falabella
Zte;blade v30;999;999;Saga Falabella
Lg;k41s;999;999;Saga Falabella
Apple;iphone 13;4799;4799;Saga Falabella
Xiaomi;redmi 9a;499;499;Saga Falabella
Xiaomi;redmi 9a;999;;Saga Falabella
Xiaomi;redmi 9a;699;;Saga Falabella
Samsung;galaxy a53;2099;1999;Saga Falabella
Samsung;galaxy a53;2499;;Saga Falabella
Samsung;galaxy a53;2399;;Saga Falabella
Xiaomi;redmi 9a;459;459;Saga Falabella
Motorola;moto g31;980;980;Saga Falabella
Apple;iphone 14 pro;7599;;Saga Falabella
Samsung;galaxy a53;2299;;Saga Falabella
Xiaomi;redmi 9a;411;411;Saga Falabella
Samsung;galaxy a03;493;493;Saga Falabella
Motorola;moto g50;998;998;Saga Falabella
Xiaomi;redmi 9a;599;;Saga Falabella
Samsung;galaxy a53;2799;;Saga Falabella
Xiaomi;redmi 9a;1299;;Saga Falabella
Apple;iphone se;2556;2340;Saga Falabella
Motorola;moto g60;1318;;Saga Falabella
Motorola;moto g60;1650;;Saga Falabella
Samsung;galaxy a53;1699;1699;Saga Falabella
Motorola;moto g60;1599;;Saga Falabella
Xiaomi;redmi 9a;416;416;Saga Falabella
Xiaomi;redmi 9a;399;399;Saga Falabella
Samsung;galaxy a22;929;929;Saga Falabella
Lg;k51s;950;;Saga Falabella
Xiaomi;redmi 9a;559;;Saga Falabella
Samsung;galaxy a53;1649;1649;Saga Falabella
Apple;iphone 14 pro max;8500;8500;Saga Falabella
Xiaomi;redmi 9c;659;659;Saga Falabella
Samsung;galaxy a53;1798;;Saga Falabella
Xiaomi;redmi 9c;999;;Saga Falabella
Samsung;galaxy a03s;649;649;Saga Falabella
Xiaomi;redmi 9c;999;999;Saga Falabella
Xiaomi;redmi 9c;699;699;Saga Falabella
Xiaomi;poco f4;1999;;Saga Falabella
Samsung;galaxy a13;1199;1199;Saga Falabella
Motorola;moto g60s;1199;;Saga Falabella
Xiaomi;redmi 9c;1200;;Saga Falabella
Apple;iphone 14 pro max;7899;;Saga Falabella
Xiaomi;redmi 9c;1200;1200;Saga Falabella
Samsung;galaxy a03s;764;764;Saga Falabella
Samsung;galaxy a73;2999;;Saga Falabella
Xiaomi;redmi 9t;959;959;Saga Falabella
Motorola;moto e22i;570;570;Saga Falabella
Xiaomi;redmi a1;449;;Saga Falabella
Xiaomi;redmi a1;499;;Saga Falabella
Xiaomi;redmi a1;799;;Saga Falabella
Samsung;galaxy a53;1899;;Saga Falabella
Nokia;nokia  110;110;;Saga Falabella
Lg;g360;204;187;Saga Falabella
Xiaomi;redmi a1;436;401;Saga Falabella
Nokia;nokia  110;95;95;Saga Falabella
Xiaomi;redmi a1;411;411;Saga Falabella
Motorola;moto e22i;628;570;Saga Falabella
Xiaomi;redmi a1;419;419;Saga Falabella
Xiaomi;redmi a1;599;599;Saga Falabella
Xiaomi;redmi a1;549;;Saga Falabella
Apple;iphone 8 plus;1658;1515;Saga Falabella
Motorola;moto e40;676;614;Saga Falabella
Samsung;galaxy a53;2100;2100;Saga Falabella
Apple;iphone 14 pro max;7299;6699;Saga Falabella
Samsung;galaxy a33;1699;;Saga Falabella
Xiaomi;redmi a1;339;;Saga Falabella
Lg;v50;1427;1427;Saga Falabella
Xiaomi;redmi k40;3500;;Saga Falabella
Apple;iphone 13;4175;4175;Saga Falabella
Motorola;moto g31;899;;Saga Falabella
Xiaomi;poco f4 gt;2899;2699;Saga Falabella
Xiaomi;redmi k50;3500;;Saga Falabella
Samsung;galaxy a13;899;899;Saga Falabella
Apple;iphone 14 pro max;7699;;Saga Falabella
Huawei;y5;742;;Saga Falabella
Xiaomi;redmi k50;3100;;Saga Falabella
Smooth;uno;109;109;Saga Falabella
Honor;honor x6;1499;;Saga Falabella
Motorola;moto g31;855;779;Saga Falabella
Motorola;moto g31;779;779;Saga Falabella
Motorola;moto g51;1699;;Saga Falabella
Xiaomi;redmi k50;2900;;Saga Falabella
Samsung;galaxy a53;2099;;Saga Falabella
Xiaomi;poco f4 gt;3299;;Saga Falabella
Samsung;galaxy a53;2149;;Saga Falabella
Xiaomi;poco f4 gt;2999;;Saga Falabella
Apple;iphone 14;4548;4548;Saga Falabella
Honor;honor 70;2599;2599;Saga Falabella
Samsung;galaxy a23;1199;;Saga Falabella
Zte;blade a3;379;379;Saga Falabella
Xiaomi;redmi k50;2499;2499;Saga Falabella
Xiaomi;redmi k50;2548;2548;Saga Falabella
Apple;iphone 14 pro max;7129;;Saga Falabella
Honor;honor 50;3599;;Saga Falabella
Huawei;y5p;599;;Saga Falabella
Samsung;galaxy z flip 3;4399;;Saga Falabella
Motorola;moto g60;1098;1009;Saga Falabella
Realme;realme 9i;1159;1159;Saga Falabella
Oneplus;oneplus 10 pro;3405;3405;Saga Falabella
Xiaomi;redmi k50;2515;2515;Saga Falabella
Xiaomi;redmi k50;2699;;Saga Falabella
Huawei;y5p;690;;Saga Falabella
Xiaomi;redmi k50;2250;2250;Saga Falabella
Xiaomi;redmi k50 ge;3150;3150;Saga Falabella
Apple;iphone 14 pro;6199;5799;Saga Falabella
Apple;iphone 14 pro max;6537;6537;Saga Falabella
Xiaomi;poco f4 gt;3250;;Saga Falabella
Zte;blade a5;449;449;Saga Falabella
Samsung;galaxy a73;3399;;Saga Falabella
Motorola;moto g60;1203;1098;Saga Falabella
Apple;iphone xr;1694;1548;Saga Falabella
Samsung;galaxy a73;2599;;Saga Falabella
Xiaomi;poco f4 gt;3250;3250;Saga Falabella
Xiaomi;redmi k50 ge;2499;2499;Saga Falabella
Xiaomi;redmi k50 ge;2900;;Saga Falabella
Motorola;moto e20;519;519;Saga Falabella
Xiaomi;redmi mi 11t pro;2899;;Saga Falabella
Apple;iphone 11;3999;;Saga Falabella
Xiaomi;redmi mi 12 lite;1899;;Saga Falabella
Realme;realme c11;519;;Saga Falabella
Xiaomi;redmi note 10;1299;;Saga Falabella
Xiaomi;redmi note 10;1199;;Saga Falabella
Xiaomi;redmi note 10;1099;1099;Saga Falabella
Motorola;moto g stylus;1099;1099;Saga Falabella
Motorola;moto g20;1199;;Saga Falabella
Lg;v50;1562;1427;Saga Falabella
Samsung;galaxy a73;2734;;Saga Falabella
Xiaomi;redmi note 10 pro;1299;;Saga Falabella
Samsung;galaxy a03;547;547;Saga Falabella
Xiaomi;redmi note 10 pro;1167;1065;Saga Falabella
Zte;nubia red magic;2307;2307;Saga Falabella
Honor;honor x7;1999;;Saga Falabella
Xiaomi;redmi note 10 pro;1999;;Saga Falabella
Apple;iphone 13;4175;3969;Saga Falabella
Samsung;galaxy a03s;697;697;Saga Falabella
Nokia;nokia 1.4;499;499;Saga Falabella
Samsung;galaxy a73;2374;;Saga Falabella
Apple;iphone 14 pro max;7099;7099;Saga Falabella
Samsung;galaxy a73;2878;;Saga Falabella
Xiaomi;poco f4 gt;4099;;Saga Falabella
Xiaomi;redmi note 10 pro;1399;;Saga Falabella
Samsung;galaxy s20 fe;1898;1898;Saga Falabella
Samsung;galaxy s22 ultra;6999;;Saga Falabella
Xiaomi;redmi note 10 pro;1400;;Saga Falabella
Landbyte;lt2010;69.9;69.9;Saga Falabella
Xiaomi;redmi note 10 pro;1799;;Saga Falabella
Nokia;nokia 106;106;106;Saga Falabella
Zte;nubia redmagic;2460;2252;Saga Falabella
Samsung;galaxy a73;2900;2900;Saga Falabella
Motorola;moto g20;999;;Saga Falabella
Xiaomi;redmi note 10c;749;749;Saga Falabella
Realme;realme c21y;799;;Saga Falabella
Apple;iphone 14;4916;4504;Saga Falabella
Samsung;galaxy a73;2700;2700;Saga Falabella
Motorola;moto g20;1499;;Saga Falabella
Xiaomi;redmi note 10s;929;899;Saga Falabella
Motorola;moto g22;1399;;Saga Falabella
Xiaomi;redmi note 10s;1699;;Saga Falabella
Xiaomi;redmi note 10s;1299;1299;Saga Falabella
Xiaomi;redmi note 10s;1899;;Saga Falabella
Smooth;lite;399;;Saga Falabella
Oneplus;oneplus nord 2;2065;1889;Saga Falabella
Xiaomi;redmi note 10s;1023;933;Saga Falabella
Xiaomi;redmi note 10s;929;929;Saga Falabella
Xiaomi;redmi note 10s;1460;1460;Saga Falabella
Apple;iphone 14 pro max;9299;8499;Saga Falabella
Samsung;galaxy a73;2199;2199;Saga Falabella
Samsung;galaxy s22 ultra;6599;;Saga Falabella
Xiaomi;redmi note 10s;1320;1320;Saga Falabella
Samsung;galaxy note 10;3000;;Saga Falabella
Samsung;galaxy s10;1999;1999;Saga Falabella
Realme;realme c21y;636;636;Saga Falabella
Landbyte;lt1030;92.9;92.9;Saga Falabella
Verykool;i220;113;104;Saga Falabella
Xiaomi;redmi note 10s;1299;;Saga Falabella
Motorola;moto g22;999;;Saga Falabella
Samsung;galaxy note 20 ultra;5499;;Saga Falabella
Altron;al215;149;149;Saga Falabella
Xiaomi;redmi note 10s;933;933;Saga Falabella
Samsung;galaxy s10 plus;2490;2490;Saga Falabella
Samsung;galaxy s10e;2200;;Saga Falabella
Samsung;galaxy a11;759;;Saga Falabella
Apple;iphone 8;1179;1076;Saga Falabella
Nokia;nokia 110;189;;Saga Falabella
Samsung;galaxy s20 fe;2299;;Saga Falabella
Xiaomi;redmi note 10s;1199;;Saga Falabella
Xiaomi;redmi note 10s;999;999;Saga Falabella
Xiaomi;redmi note 11;1399;;Saga Falabella
Xiaomi;poco f4 gt;3599;;Saga Falabella
Apple;iphone 14;5799;;Saga Falabella
Xiaomi;redmi note 11;1499;;Saga Falabella
Xiaomi;redmi note 11;999;999;Saga Falabella
Honor;honor 70;2799;;Saga Falabella
Xiaomi;redmi note 11;819;809;Saga Falabella
Xiaomi;redmi note 11;1699;;Saga Falabella
Xiaomi;redmi note 11;949;899;Saga Falabella
Xiaomi;redmi note 11;1979;;Saga Falabella
Lh electronic;lt1020;78;78;Saga Falabella
Xiaomi;redmi note 11;927;845;Saga Falabella
Xiaomi;redmi note 11;1199;;Saga Falabella
Pcd;ph4003;199;;Saga Falabella
Samsung;galaxy s20 fe;2599;;Saga Falabella
Xiaomi;redmi note 11;899;899;Saga Falabella
Nokia;nokia 110;104;104;Saga Falabella
Xiaomi;redmi note 11;900;900;Saga Falabella
Xiaomi;redmi note 11;849;849;Saga Falabella
Samsung;galaxy s20 fe;3500;3209;Saga Falabella
Samsung;galaxy s21 fe;2599;2449;Saga Falabella
Samsung;galaxy s21 fe;3499;;Saga Falabella
Samsung;galaxy s21 fe;3999;;Saga Falabella
Xiaomi;redmi note 11;933;933;Saga Falabella
Xiaomi;redmi note 11;845;845;Saga Falabella
Nokia;nokia 110;93;93;Saga Falabella
Xiaomi;poco m4 pro;2600;2600;Saga Falabella
Samsung;galaxy s10 plus;2399;2399;Saga Falabella
Xiaomi;redmi note 11;869;869;Saga Falabella
Samsung;galaxy s22 ultra;4998;4998;Saga Falabella
Xiaomi;redmi note 11;819;799;Saga Falabella
Samsung;galaxy s21 fe;3399;;Saga Falabella
Apple;iphone 14;4980;4960;Saga Falabella
Samsung;galaxy s21 fe;3500;3500;Saga Falabella
Xiaomi;redmi note 11 pro;1299;;Saga Falabella
Xiaomi;redmi note 11 pro;1699;;Saga Falabella
Xiaomi;redmi note 11 pro;1799;;Saga Falabella
Xiaomi;redmi note 11 pro;1899;;Saga Falabella
Samsung;galaxy s21 fe;3279;;Saga Falabella
Samsung;galaxy s21 fe;3699;;Saga Falabella
Motorola;moto g50;1109;;Saga Falabella
Samsung;galaxy s21 plus;4299;3949;Saga Falabella
Apple;iphone 14 pro;6699;6699;Saga Falabella
Samsung;galaxy s21 fe;2999;;Saga Falabella
Samsung;galaxy s22 ultra;4298;4298;Saga Falabella
Xiaomi;redmi note 11 pro;1142;1142;Saga Falabella
Samsung;galaxy s22;3999;3799;Saga Falabella
Xiaomi;redmi note 11 pro;1199;1199;Saga Falabella
Nokia;nokia ta1023;399;399;Saga Falabella
Samsung;galaxy a53;1699;1679;Saga Falabella
Samsung;galaxy s22 plus;3999;;Saga Falabella
Xiaomi;redmi note 11 pro;1979;;Saga Falabella
Xiaomi;poco m5s;1199;;Saga Falabella
Realme;realme c21y;652;592;Saga Falabella
Xiaomi;realme gt neo;2399;2199;Saga Falabella
Xiaomi;redmi note 11 pro;1999;;Saga Falabella
Samsung;galaxy s22 plus;4699;4699;Saga Falabella
Samsung;galaxy s22 plus;4999;;Saga Falabella
Xiaomi;redmi note 11 pro;1399;;Saga Falabella
Samsung;galaxy s22 plus;4199;;Saga Falabella
Motorola;moto g50;1199;;Saga Falabella
Apple;iphone 14 pro max;7132;6537;Saga Falabella
Samsung;galaxy s22 ultra;5099;;Saga Falabella
Samsung;galaxy s22 ultra;4799;;Saga Falabella
Samsung;galaxy s22 ultra;5199;;Saga Falabella
Apple;iphone 11 pro;3399;3399;Saga Falabella
Oneplus;oneplus nord 2;1889;1889;Saga Falabella
Samsung;galaxy s22 ultra;6119;;Saga Falabella
Lg;g360;208;192;Saga Falabella
Motorola;moto g52;1999;;Saga Falabella
Zte;blade a5;439;439;Saga Falabella
Apple;iphone 14 pro max;7999;;Saga Falabella
Samsung;galaxy s22 ultra;5299;;Saga Falabella
Smooth;uno;97.9;97.9;Saga Falabella
Samsung;galaxy s21fe;2799;;Saga Falabella
Xiaomi;redmi note 11 pro;1499;;Saga Falabella
Nokia;nokia ta1023;729;;Saga Falabella
Alcatel;alcatel 1e;399;;Saga Falabella
Generico;epik x515;399;;Saga Falabella
Nokia;nokia c1;500;;Saga Falabella
Xiaomi;redmi note 11 pro;2999;;Saga Falabella
Xiaomi;poco x4 gt;2100;2100;Saga Falabella
Apple;iphone 14 pro max;7929;;Saga Falabella
Apple;iphone 14 pro max;8599;;Saga Falabella
Apple;iphone 14;5099;;Saga Falabella
Sky devices;platinum k55;309;;Saga Falabella
Nokia;nokia c20;459;;Saga Falabella
Motorola;moto g52;1021;1021;Saga Falabella
Lh electronic;gol z1  jr;129;129;Saga Falabella
Samsung;galaxy a33;1529;1529;Saga Falabella
Samsung;galaxy a13;1199;;Saga Falabella
Samsung;galaxy s22 ultra;5299;5299;Saga Falabella
Hyundai;hyundai e603;349;349;Saga Falabella
Apple;iphone 8;1167;1065;Saga Falabella
Nokia;nokia c20;599;;Saga Falabella
Samsung;galaxy s22 ultra;5999;;Saga Falabella
Apple;iphone 14 pro max;6899;6899;Saga Falabella
Xiaomi;poco x4 pro;1999;;Saga Falabella
Huawei;y6p;643;643;Saga Falabella
Xiaomi;redmi note 11 pro;1799;1799;Saga Falabella
Altron;altron al215;149;149;Saga Falabella
Universal;rock;119;119;Saga Falabella
Samsung;galaxy a22;947;947;Saga Falabella
Nokia;nokia g10;799;;Saga Falabella
Xiaomi;redmi note 11 pro plus;2099;;Saga Falabella
Samsung;galaxy s22 ultra;6199;;Saga Falabella
Samsung;galaxy s22 ultra;5950;;Saga Falabella
Samsung;galaxy s22 ultra;5000;4900;Saga Falabella
Xiaomi;redmi note 11 pro plus;2499;;Saga Falabella
Xiaomi;redmi note 11 pro plus;5000;;Saga Falabella
Xiaomi;redmi note 11 pro plus;1999;;Saga Falabella
Realme;realme gt2 pro;4250;;Saga Falabella
Xiaomi;redmi note 11 pro plus;2399;;Saga Falabella
Xiaomi;redmi note 11s;1499;;Saga Falabella
Xiaomi;poco x4 pro;1799;;Saga Falabella
Apple;iphone 14 pro max;8599;7799;Saga Falabella
Motorola;moto g52;1107;1010;Saga Falabella
Xiaomi;redmi note 11s;1599;1599;Saga Falabella
Xiaomi;redmi note 11s;1399;;Saga Falabella
Xiaomi;redmi note 11s;1095;999;Saga Falabella
Xiaomi;redmi note 11s;1298;1186;Saga Falabella
Apple;iphone 14 plus;6599;;Saga Falabella
Samsung;galaxy s22 ultra;5899;;Saga Falabella
Motorola;moto g52;1199;;Saga Falabella
Xiaomi;poco x4 pro;2100;;Saga Falabella
Apple;iphone 14 pro;6299;6299;Saga Falabella
Apple;iphone 14 plus;4944;4944;Saga Falabella
Samsung;galaxy a03s;899;899;Saga Falabella
Xiaomi;poco c40;899;;Saga Falabella
Samsung;galaxy z flip 3;4414;;Saga Falabella
Samsung;galaxy z flip 3;4415;;Saga Falabella
Xiaomi;redmi note 11s;1186;1186;Saga Falabella
Xiaomi;redmi note 11s;1199;;Saga Falabella
Xiaomi;redmi note 11s;1599;;Saga Falabella
Xiaomi;redmi note 11s;1299;;Saga Falabella
Xiaomi;poco c40;799;;Saga Falabella
Xiaomi;mi 11t pro;2299;2299;Saga Falabella
Samsung;galaxy z flip4;4999;;Saga Falabella
Samsung;galaxy z flip4;4399;;Saga Falabella
Apple;iphone 14 pro max;7499;;Saga Falabella
Xiaomi;poco f4;3250;3250;Saga Falabella
Sky devices;f2g;79;;Saga Falabella
Xiaomi;poco f4;1739;1739;Saga Falabella
Apple;iphone 14 pro max;8399;;Saga Falabella
Apple;iphone 13;4999;4999;Saga Falabella
Samsung;galaxy a22;1499;1499;Saga Falabella
Samsung;galaxy z flip4;7999;;Saga Falabella
Lg;g360;192;192;Saga Falabella
Xiaomi;redmi note 11s;1399;1399;Saga Falabella
Tecnos;pova neo 6 geek;769;769;Saga Falabella
Xiaomi;redmi note 11s;1759;;Saga Falabella
Samsung;galaxy s9;1230;1230;Saga Falabella
Xiaomi;poco f4;1738;1738;Saga Falabella
Xiaomi;mi 11t pro;2799;2799;Saga Falabella
Apple;iphone 14 pro max;8499;7699;Saga Falabella
Apple;iphone 14 pro;7999;;Saga Falabella
Samsung;galaxy note 10 plus;1790;1790;Saga Falabella
Tecno mobile;pova neo 6 obsidian;769;769;Saga Falabella
Xiaomi;redmi note 11s;1699;;Saga Falabella
Samsung;galaxy note 20;2305;2109;Saga Falabella
Samsung;galaxy note 20 ultra;3845;3845;Saga Falabella
Samsung;galaxy note 20 ultra;3718;3405;Saga Falabella
Samsung;galaxy note 20 ultra;4113;3768;Saga Falabella
Apple;iphone 14;4999;4980;Saga Falabella
Samsung;galaxy note 8;1526;1395;Saga Falabella
Xiaomi;note 11 pro;1414;;Saga Falabella
Samsung;galaxy note 8;1395;1395;Saga Falabella
Samsung;galaxy note 9;1813;1658;Saga Falabella
Realme;reamle c21y;799;;Saga Falabella
Samsung;galaxy note 9;1358;1241;Saga Falabella
Xiaomi;poco f4;2199;;Saga Falabella
Apple;iphone 8;1699;1699;Saga Falabella
Xiaomi;redmi note 11s;1099;999;Saga Falabella
Motorola;moto g60;1999;;Saga Falabella
Samsung;galaxy s10;1933;1768;Saga Falabella
Xiaomi;poco f4 gt;3334;;Saga Falabella
Xiaomi;note 11 pro;1599;;Saga Falabella
Samsung;galaxy s10;2185;1999;Saga Falabella
Samsung;galaxy s10 plus;1706;1559;Saga Falabella
Verykool;i220;104;104;Saga Falabella
Apple;iphone 13;4219;4219;Saga Falabella
Apple;iphone 13;4175;4108;Saga Falabella
Samsung;galaxy a22;823;823;Saga Falabella
Samsung;galaxy a11s;699;;Saga Falabella
Xiaomi;redmi note 11s;999;999;Saga Falabella
Samsung;galaxy s10e;1706;1559;Saga Falabella
Samsung;galaxy s20;1742;1592;Saga Falabella
Motorola;moto g60;1399;;Saga Falabella
Xiaomi;poco m5s;979;;Saga Falabella
Samsung;galaxy s20;1625;1625;Saga Falabella
Bmobile;logic a;119;;Saga Falabella
Samsung;galaxy s9;1384;1384;Saga Falabella
Motorola;moto g60;1199;;Saga Falabella
Samsung;galaxy s20 fe;1933;1899;Saga Falabella
Samsung;galaxy s20 plus;2149;1966;Saga Falabella
Samsung;galaxy s20 ultra;3466;3175;Saga Falabella
Samsung;galaxy s21 fe;2664;2438;Saga Falabella
Samsung;galaxy s21 plus;3175;3175;Saga Falabella
Samsung;galaxy s21 plus;3466;3175;Saga Falabella
Apple;iphone 14 pro max;8499;7799;Saga Falabella
Huawei;psmart;544;493;Saga Falabella
Honor;honor x7a;899;899;Saga Falabella
Apple;iphone se;3999;;Saga Falabella
Xiaomi;redmi note 9 pro;1223;1223;Saga Falabella
Samsung;galaxy s22 plus;4500;;Saga Falabella
Apple;iphone 14 plus;6999;6999;Saga Falabella
Xiaomi;redmi note 9 pro;1699;;Saga Falabella
Samsung;galaxy s21 ultra;4317;3955;Saga Falabella
Motorola;moto g71;1499;;Saga Falabella
Zte;blade a5;444;444;Saga Falabella
Samsung;galaxy s22;3419;3131;Saga Falabella
Apple;iphone 14;4429;4429;Saga Falabella
Samsung;galaxy s22 plus;4017;3680;Saga Falabella
Motorola;moto g71;1399;;Saga Falabella
Motorola;moto g71;1599;1599;Saga Falabella
Samsung;galaxy s22 plus;3735;3735;Saga Falabella
Xiaomi;poco m5s;1299;;Saga Falabella
Apple;iphone 14 plus;5899;5349;Saga Falabella
Samsung;galaxy a53;1799;1699;Saga Falabella
Generico;i220;113;104;Saga Falabella
Samsung;galaxy s22 ultra;5287;4845;Saga Falabella
Motorola;moto g71;1499;1499;Saga Falabella
Xiaomi;mi 11t;1812;1812;Saga Falabella
Samsung;galaxy s22 ultra;5799;5799;Saga Falabella
Samsung;galaxy s8;1358;1241;Saga Falabella
Motorola;one fusion;903;823;Saga Falabella
Samsung;galaxy s8 plus;1394;1274;Saga Falabella
Apple;iphone se;2340;2340;Saga Falabella
Xiaomi;redmi note 9 pro;1490;;Saga Falabella
Zte;v30 vita;999;999;Saga Falabella
Samsung;galaxy s9;1346;1230;Saga Falabella
Generico;epik x620;699;;Saga Falabella
Generico;epik k605;499;;Saga Falabella
Generico;epik x410;399;;Saga Falabella
Huawei;y7a;839;839;Saga Falabella
Generico;epik k503;399;;Saga Falabella
Generico;epik x516;399;;Saga Falabella
Xiaomi;redmi note 9t;1499;;Saga Falabella
Samsung;galaxy s9 plus;1921;1757;Saga Falabella
Huawei;y9a;923;923;Saga Falabella
Apple;iphone 14 pro max;7491;6867;Saga Falabella
Generico;gol f9;399;;Saga Falabella
Samsung;galaxy s9 plus;1514;1384;Saga Falabella
Samsung;galaxy z flip 3;3478;3186;Saga Falabella
Xiaomi;poco m5s;1099;;Saga Falabella
Samsung;galaxy z flip4;3867;3867;Saga Falabella
Xiaomi;note 11 pro;1499;;Saga Falabella
Apple;iphone 13;4796;4395;Saga Falabella
Xiaomi;poco x4 pro;1899;;Saga Falabella
Smooth;snap mini 3;79;;Saga Falabella
Samsung;galaxy z flip4;3581;3581;Saga Falabella
Samsung;galaxy s22 ultra;6999;6999;Saga Falabella
Samsung;galaxy z fold4;6173;5658;Saga Falabella
Smooth;snap mini;59;59;Saga Falabella
Samsung;galaxy a03s;699;699;Saga Falabella
Apple;iphone 14;5499;;Saga Falabella
Xiaomi;redmi 10;999;949;Saga Falabella
Apple;iphone 14 pro;7299;;Saga Falabella
Lenovo;vibe b;399;;Saga Falabella
Realme;realme c3;689;689;Saga Falabella
Samsung;galaxy s23 ultra;9999;;Saga Falabella
